{
  "_fv": 33,
  "_type": "recipe",
  "definition": {
    "recipeType": "Crafting",
    "xpReward": 0.0,
    "cookingTime": 200,
    "recipeRetstackSize": 1,
    "group": "",
    "recipeShapeless": false,
    "recipeSlots": [
      {
        "value": "CUSTOM:FlawedTopaz"
      },
      {
        "value": "CUSTOM:FlawedRuby"
      },
      {
        "value": "CUSTOM:FlawedRuby"
      },
      {
        "value": "CUSTOM:FlawedRuby"
      },
      {
        "value": "CUSTOM:FlawedRuby"
      },
      {
        "value": "CUSTOM:FlawedRuby"
      },
      {
        "value": "CUSTOM:FlawedRuby"
      },
      {
        "value": "CUSTOM:FlawedRuby"
      },
      {
        "value": "CUSTOM:FlawedRuby"
      }
    ],
    "recipeReturnStack": {
      "value": "CUSTOM:FineTopaz"
    },
    "name": "finetopazrecipe",
    "namespace": "mod"
  }
}